Timestamp,User Count,Type,Name,Requests/s,Failures/s,50%,66%,75%,80%,90%,95%,98%,99%,99.9%,99.99%,100%,Total Request Count,Total Failure Count,Total Median Response Time,Total Average Response Time,Total Min Response Time,Total Max Response Time,Total Average Content Size
1790791909,0,,Aggregated,0.000000,0.000000,N/A,N/A,N/A,N/A,N/A,N/A,N/A,N/A,N/A,N/A,N/A,0,0,0,0.0,0,0,0
1790791910,1,,Aggregated,0.000000,0.000000,N/A,N/A,N/A,N/A,N/A,N/A,N/A,N/A,N/A,N/A,N/A,0,0,0,0.0,0,0,0
1790791911,2,,Aggregated,0.000000,0.000000,N/A,N/A,N/A,N/A,N/A,N/A,N/A,N/A,N/A,N/A,N/A,0,0,0,0.0,0,0,0
1790791912,2,,Aggregated,0.000000,0.000000,N/A,N/A,N/A,N/A,N/A,N/A,N/A,N/A,N/A,N/A,N/A,0,0,0,0.0,0,0,0
1790791914,2,,Aggregated,0.000000,0.000000,N/A,N/A,N/A,N/A,N/A,N/A,N/A,N/A,N/A,N/A,N/A,0,0,0,0.0,0,0,0
1790791915,2,,Aggregated,0.000000,0.000000,N/A,N/A,N/A,N/A,N/A,N/A,N/A,N/A,N/A,N/A,N/A,0,0,0,0.0,0,0,0
1790791916,2,,Aggregated,0.000000,0.000000,6900,6900,6900,6900,6900,6900,6900,6900,6900,6900,6900,2,0,6898.8895999991655,6371.509349999542,5844.129099999918,6898.8895999991655,31028.0
1790791917,2,,Aggregated,0.000000,0.000000,6900,6900,6900,6900,6900,6900,6900,6900,6900,6900,6900,2,0,6898.8895999991655,6371.509349999542,5844.129099999918,6898.8895999991655,31028.0
1790791919,2,,Aggregated,0.000000,0.000000,6900,6900,6900,6900,6900,6900,6900,6900,6900,6900,6900,2,0,6898.8895999991655,6371.509349999542,5844.129099999918,6898.8895999991655,31028.0
1790791920,2,,Aggregated,0.000000,0.000000,6900,6900,6900,6900,6900,6900,6900,6900,6900,6900,6900,2,0,6898.8895999991655,6371.509349999542,5844.129099999918,6898.8895999991655,31028.0
1790791921,2,,Aggregated,0.000000,0.000000,6900,6900,6900,6900,6900,6900,6900,6900,6900,6900,6900,2,0,6898.8895999991655,6371.509349999542,5844.129099999918,6898.8895999991655,31028.0
1790791922,2,,Aggregated,0.000000,0.000000,6900,6900,6900,6900,6900,6900,6900,6900,6900,6900,6900,2,0,6898.8895999991655,6371.509349999542,5844.129099999918,6898.8895999991655,31028.0
1790791923,2,,Aggregated,0.200000,0.000000,7200,7200,7500,7500,7500,7500,7500,7500,7500,7500,7500,4,0,7200,6871.765699999742,5844.129099999918,7505.57690000096,30050.5
1790791924,2,,Aggregated,0.200000,0.000000,5800,6900,7200,7200,7500,7500,7500,7500,7500,7500,7500,8,0,5800,3717.27004999957,218.85939999992843,7505.57690000096,29584.5
1790791925,2,,Aggregated,0.200000,0.000000,5800,6900,7200,7200,7500,7500,7500,7500,7500,7500,7500,8,0,5800,3717.27004999957,218.85939999992843,7505.57690000096,29584.5
1790791926,2,,Aggregated,0.200000,0.000000,5800,6900,7200,7200,7500,7500,7500,7500,7500,7500,7500,8,0,5800,3717.27004999957,218.85939999992843,7505.57690000096,29584.5
1790791927,2,,Aggregated,0.800000,0.000000,2600,5800,6900,7200,7500,7500,7500,7500,7500,7500,7500,10,0,2600,3485.0536299996747,218.85939999992843,7505.57690000096,30081.6
1790791928,2,,Aggregated,0.800000,0.000000,930,2600,5800,6900,7200,7500,7500,7500,7500,7500,7500,13,0,930,2850.3930999997046,218.85939999992843,7505.57690000096,30097.615384615383
1790791930,2,,Aggregated,0.600000,0.000000,930,2500,5800,6900,7200,7500,7500,7500,7500,7500,7500,15,0,930,2602.048979999745,218.85939999992843,7505.57690000096,30149.733333333334
1790791931,2,,Aggregated,0.800000,0.000000,1300,2500,5800,5800,7200,7500,7500,7500,7500,7500,7500,16,0,1300,2521.6237187497654,218.85939999992843,7505.57690000096,30082.125
1790791932,2,,Aggregated,0.800000,0.000000,1300,2500,5800,5800,7200,7500,7500,7500,7500,7500,7500,16,0,1300,2521.6237187497654,218.85939999992843,7505.57690000096,30082.125
1790791933,2,,Aggregated,1.400000,0.000000,930,1400,2600,5800,7200,7500,7500,7500,7500,7500,7500,18,0,930,2318.1378555553038,218.85939999992843,7505.57690000096,30166.88888888889
1790791934,2,,Aggregated,1.400000,0.000000,900,1400,2600,5800,7200,7500,7500,7500,7500,7500,7500,19,0,900,2206.7689684207785,202.12899999933143,7505.57690000096,30099.63157894737
1790791935,2,,Aggregated,1.400000,0.000000,900,1400,2600,5800,7200,7500,7500,7500,7500,7500,7500,20,0,900,2136.294834999717,202.12899999933143,7505.57690000096,30018.7
1790791936,2,,Aggregated,1.200000,0.000000,830,1300,2500,2600,6900,7200,7500,7500,7500,7500,7500,21,0,830,2041.875304761561,153.48469999844383,7505.57690000096,29999.04761904762
1790791937,2,,Aggregated,1.200000,0.000000,830,1300,2500,2600,6900,7200,7500,7500,7500,7500,7500,22,0,830,1961.6418363633454,153.48469999844383,7505.57690000096,30093.81818181818
1790791938,2,,Aggregated,1.200000,0.000000,830,1300,2500,2600,6900,7200,7500,7500,7500,7500,7500,22,0,830,1961.6418363633454,153.48469999844383,7505.57690000096,30093.81818181818
1790791939,2,,Aggregated,1.400000,0.000000,800,930,2500,2600,6900,7200,7500,7500,7500,7500,7500,24,0,800,1823.6518666663717,153.48469999844383,7505.57690000096,30156.416666666668
1790791941,3,,Aggregated,1.400000,0.000000,800,930,1400,2600,6900,7200,7500,7500,7500,7500,7500,25,0,800,1752.8074679996644,52.54189999868686,7505.57690000096,30191.28
1790791942,4,,Aggregated,1.000000,0.000000,670,900,1400,1800,5800,7200,7500,7500,7500,7500,7500,31,0,670,1518.1404612899755,52.54189999868686,7505.57690000096,30183.0
1790791943,5,,Aggregated,1.000000,0.000000,670,830,1300,1800,5800,7200,7500,7500,7500,7500,7500,34,0,670,1425.2546058820799,52.54189999868686,7505.57690000096,30234.058823529413
1790791944,5,,Aggregated,1.400000,0.000000,710,930,1300,1800,5800,7200,7500,7500,7500,7500,7500,37,0,710,1428.0877378375924,52.54189999868686,7505.57690000096,30290.91891891892
1790791945,5,,Aggregated,1.700000,0.000000,580,830,970,1400,2600,6900,7500,7500,7500,7500,7500,46,0,580,1245.490941304129,52.54189999868686,7505.57690000096,30295.456521739132
1790791946,5,,Aggregated,1.800000,0.000000,520,800,950,1300,2500,6900,7200,7500,7500,7500,7500,51,0,520,1169.6264039213322,52.54189999868686,7505.57690000096,30449.098039215685
1790791947,5,,Aggregated,2.400000,0.000000,520,710,930,970,2500,6900,7200,7500,7500,7500,7500,56,0,520,1111.4115017854667,52.54189999868686,7505.57690000096,30553.535714285714
1790791948,5,,Aggregated,2.400000,0.000000,520,710,900,970,2500,6900,7200,7500,7500,7500,7500,57,0,520,1096.2747245611624,52.54189999868686,7505.57690000096,30524.40350877193
1790791949,5,,Aggregated,3.300000,0.000000,520,710,900,970,2500,6900,7200,7500,7500,7500,7500,60,0,520,1062.2785349997382,52.54189999868686,7505.57690000096,30469.516666666666
1790791950,5,,Aggregated,3.500000,0.000000,520,670,800,930,2500,5800,7200,7500,7500,7500,7500,66,0,520,1013.904978787595,52.54189999868686,7505.57690000096,30709.333333333332
1790791951,5,,Aggregated,3.500000,0.000000,520,670,800,930,2500,5800,7200,7500,7500,7500,7500,66,0,520,1013.904978787595,52.54189999868686,7505.57690000096,30709.333333333332
1790791952,5,,Aggregated,3.900000,0.000000,520,650,800,930,2500,5800,7200,7500,7500,7500,7500,69,0,520,988.8478405794202,52.54189999868686,7505.57690000096,30737.579710144928
1790791953,5,,Aggregated,4.100000,0.000000,520,640,800,900,2200,5800,7200,7500,7500,7500,7500,72,0,520,964.5778513886146,52.54189999868686,7505.57690000096,30836.51388888889
1790791954,5,,Aggregated,3.600000,0.000000,460,630,750,830,2200,5800,7200,7500,7500,7500,7500,76,0,460,931.6324249997418,52.54189999868686,7505.57690000096,30824.486842105263
1790791956,5,,Aggregated,3.500000,0.000000,450,610,710,830,2200,5800,7200,7500,7500,7500,7500,79,0,450,907.054592404787,52.54189999868686,7505.57690000096,30844.78481012658
1790791957,5,,Aggregated,3.800000,0.000000,450,610,710,800,1800,2600,7200,7500,7500,7500,7500,81,0,450,893.919881481216,52.54189999868686,7505.57690000096,30879.123456790123
1790791958,5,,Aggregated,2.900000,0.000000,440,600,710,800,1800,2600,7200,7500,7500,7500,7500,84,0,440,872.2462464282953,52.54189999868686,7505.57690000096,30896.261904761905
1790791959,5,,Aggregated,2.900000,0.000000,440,600,680,800,1800,2600,7200,7500,7500,7500,7500,88,0,440,853.4208409088147,52.54189999868686,7505.57690000096,31016.897727272728
1790791960,5,,Aggregated,2.900000,0.000000,440,600,680,800,1800,2600,7200,7500,7500,7500,7500,88,0,440,853.4208409088147,52.54189999868686,7505.57690000096,31016.897727272728
1790791961,5,,Aggregated,2.600000,0.000000,430,600,670,750,1400,2600,7200,7500,7500,7500,7500,91,0,430,837.5420087909583,52.54189999868686,7505.57690000096,31020.296703296703
1790791962,5,,Aggregated,2.900000,0.000000,440,590,670,750,1400,2600,7200,7500,7500,7500,7500,92,0,440,834.7117402171455,52.54189999868686,7505.57690000096,30992.695652173912
1790791963,5,,Aggregated,2.500000,0.000000,450,600,710,830,1400,2600,7200,7500,7500,7500,7500,95,0,450,845.2104778944838,52.54189999868686,7505.57690000096,30948.905263157896
1790791964,5,,Aggregated,2.600000,0.000000,460,620,800,900,1400,2600,7200,7500,7500,7500,7500,100,0,460,851.890308999773,52.54189999868686,7505.57690000096,31092.12
1790791965,5,,Aggregated,2.300000,0.000000,450,610,750,880,1400,2500,6900,7200,7500,7500,7500,102,0,450,839.7585078429234,52.54189999868686,7505.57690000096,31114.539215686276
1790791967,5,,Aggregated,2.400000,0.000000,450,610,800,900,1400,2500,6900,7200,7500,7500,7500,103,0,450,842.5301893201905,52.54189999868686,7505.57690000096,31099.893203883494
1790791968,5,,Aggregated,2.400000,0.000000,450,610,800,900,1400,2500,6900,7200,7500,7500,7500,103,0,450,842.5301893201905,52.54189999868686,7505.57690000096,31099.893203883494
1790791970,5,,Aggregated,2.000000,0.000000,490,650,880,1000,1400,2500,6900,7200,7500,7500,7500,108,0,490,872.2632092590679,52.54189999868686,7505.57690000096,31072.787037037036
1790791971,5,,Aggregated,2.000000,0.000000,520,680,950,1300,1800,2500,6900,7200,7500,7500,7500,112,0,520,898.1899276783777,52.54189999868686,7505.57690000096,31151.223214285714
1790791972,5,,Aggregated,2.000000,0.000000,520,680,950,1300,1800,2500,6900,7200,7500,7500,7500,112,0,520,898.1899276783777,52.54189999868686,7505.57690000096,31151.223214285714
1790791973,5,,Aggregated,2.100000,0.000000,520,680,930,1300,1800,2500,6900,7200,7500,7500,7500,113,0,520,891.6780690263544,52.54189999868686,7505.57690000096,31137.548672566372
1790791974,5,,Aggregated,2.100000,0.000000,520,680,930,1300,1800,2500,6900,7200,7500,7500,7500,114,0,520,886.2292894734964,52.54189999868686,7505.57690000096,31124.114035087718
1790791975,5,,Aggregated,2.000000,0.000000,530,750,1000,1300,1800,2500,6900,7200,7500,7500,7500,119,0,530,908.4774722687296,52.54189999868686,7505.57690000096,31148.714285714286
1790791976,5,,Aggregated,1.900000,0.000000,560,800,1100,1300,1900,2500,6900,7200,7500,7500,7500,122,0,560,931.1454204916281,52.54189999868686,7505.57690000096,31240.09836065574
1790791977,5,,Aggregated,1.700000,0.000000,560,800,1100,1300,1900,2500,6900,7200,7500,7500,7500,124,0,560,919.6108346772558,52.54189999868686,7505.57690000096,31207.99193548387
1790791978,5,,Aggregated,1.700000,0.000000,530,800,1100,1300,1900,2500,6900,7200,7500,7500,7500,126,0,530,912.1880071426916,52.54189999868686,7505.57690000096,31220.031746031746
1790791979,5,,Aggregated,2.000000,0.000000,520,750,1100,1300,1900,2500,6900,7200,7500,7500,7500,128,0,520,900.9069031248345,52.54189999868686,7505.57690000096,31235.8984375
1790791980,5,,Aggregated,2.300000,0.000000,520,770,1000,1300,1900,2500,6900,7200,7500,7500,7500,129,0,520,899.8891527130194,52.54189999868686,7505.57690000096,31223.263565891473
1790791981,5,,Aggregated,2.300000,0.000000,520,770,1000,1300,1800,2500,6900,7200,7500,7500,7500,134,0,520,889.1514343282025,52.54189999868686,7505.57690000096,31241.410447761195
1790791982,5,,Aggregated,2.100000,0.000000,520,750,1000,1300,1800,2500,6900,7200,7500,7500,7500,138,0,520,870.9459007244916,52.54189999868686,7505.57690000096,31308.333333333332
1790791983,5,,Aggregated,2.100000,0.000000,520,750,1000,1300,1800,2500,6900,7200,7500,7500,7500,138,0,520,870.9459007244916,52.54189999868686,7505.57690000096,31308.333333333332
1790791984,5,,Aggregated,2.500000,0.000000,520,710,1000,1300,1800,2500,6900,7200,7500,7500,7500,139,0,520,869.2549690646086,52.54189999868686,7505.57690000096,31296.086330935253
1790791985,5,,Aggregated,2.600000,0.000000,520,770,970,1300,1800,2300,6900,7200,7500,7500,7500,141,0,520,869.9413858154674,52.54189999868686,7505.57690000096,31272.113475177306
1790791987,5,,Aggregated,2.400000,0.000000,530,800,1100,1300,1800,2300,6900,7200,7500,7500,7500,148,0,530,873.2455729728655,52.54189999868686,7505.57690000096,31370.97972972973
1790791988,5,,Aggregated,2.400000,0.000000,530,800,1100,1300,1800,2300,6900,7200,7500,7500,7500,148,0,530,873.2455729728655,52.54189999868686,7505.57690000096,31370.97972972973
1790791989,5,,Aggregated,2.400000,0.000000,530,800,1100,1300,1800,2300,6900,7200,7500,7500,7500,148,0,530,873.2455729728655,52.54189999868686,7505.57690000096,31370.97972972973
1790791990,5,,Aggregated,2.600000,0.000000,520,800,1000,1300,1800,2300,6900,7200,7500,7500,7500,149,0,520,870.2853362414951,52.54189999868686,7505.57690000096,31359.13422818792
1790791991,5,,Aggregated,2.200000,0.000000,520,770,1000,1300,1800,2300,5800,7200,7500,7500,7500,153,0,520,863.1478705881259,52.54189999868686,7505.57690000096,31347.67320261438
1790791992,5,,Aggregated,2.100000,0.000000,560,800,1100,1300,1800,2300,5800,7200,7500,7500,7500,156,0,560,869.8774076921999,52.54189999868686,7505.57690000096,31415.3141025641
1790791993,5,,Aggregated,2.400000,0.000000,520,800,1100,1300,1800,2300,5800,7200,7500,7500,7500,160,0,520,854.3939324998861,52.54189999868686,7505.57690000096,31435.81875
1790791994,5,,Aggregated,2.400000,0.000000,520,800,1100,1300,1800,2300,5800,7200,7500,7500,7500,160,0,520,854.3939324998861,52.54189999868686,7505.57690000096,31435.81875
1790791995,5,,Aggregated,1.600000,0.000000,520,770,1000,1200,1500,2200,5800,7200,7500,7500,7500,162,0,520,846.12280185175,52.54189999868686,7505.57690000096,31445.69135802469
1790791996,5,,Aggregated,2.200000,0.000000,520,800,1000,1200,1500,2200,5800,7200,7500,7500,7500,164,0,520,846.2110445121077,52.54189999868686,7505.57690000096,31423.256097560974
1790791997,5,,Aggregated,2.300000,0.000000,530,800,1100,1200,1500,2200,5800,7200,7500,7500,7500,166,0,530,848.7164879517267,52.54189999868686,7505.57690000096,31401.36144578313
1790791998,5,,Aggregated,2.200000,0.000000,560,860,1100,1300,1600,2200,5800,7200,7500,7500,7500,170,0,560,859.9381399999188,52.54189999868686,7505.57690000096,31451.923529411764
1790791999,5,,Aggregated,1.700000,0.000000,560,880,1100,1300,1600,2200,5800,7200,7500,7500,7500,172,0,560,867.6032587208454,52.54189999868686,7505.57690000096,31491.61046511628
1790792000,5,,Aggregated,1.700000,0.000000,560,880,1100,1300,1600,2200,5800,7200,7500,7500,7500,172,0,560,867.6032587208454,52.54189999868686,7505.57690000096,31491.61046511628
1790792001,5,,Aggregated,2.200000,0.000000,560,860,1100,1300,1600,2200,5800,7200,7500,7500,7500,174,0,560,861.4555534481797,52.54189999868686,7505.57690000096,31500.16091954023
1790792002,5,,Aggregated,2.200000,0.000000,560,860,1100,1300,1600,2200,5800,7200,7500,7500,7500,175,0,560,858.252454285612,52.54189999868686,7505.57690000096,31489.337142857144
1790792004,5,,Aggregated,2.200000,0.000000,560,880,1100,1300,1800,2300,5800,7200,7500,7500,7500,177,0,560,869.436157627021,52.54189999868686,7505.57690000096,31497.768361581922
1790792005,5,,Aggregated,1.700000,0.000000,560,860,1100,1300,1800,2200,5800,7200,7500,7500,7500,183,0,560,863.2054224042686,52.54189999868686,7505.57690000096,31521.956284153006
1790792006,5,,Aggregated,1.700000,0.000000,560,860,1100,1300,1800,2200,5800,7200,7500,7500,7500,184,0,560,860.8604391303408,52.54189999868686,7505.57690000096,31540.125
1790792007,5,,Aggregated,1.700000,0.000000,560,860,1100,1300,1800,2200,5800,7200,7500,7500,7500,184,0,560,860.8604391303408,52.54189999868686,7505.57690000096,31540.125
1790792008,5,,Aggregated,2.100000,0.000000,560,860,1100,1300,1800,2200,5800,7200,7500,7500,7500,185,0,560,860.338485405314,52.54189999868686,7505.57690000096,31529.67027027027
1790792009,5,,Aggregated,1.900000,0.000000,580,860,1100,1200,1600,2200,5800,7200,7500,7500,7500,191,0,580,858.7767115182293,52.54189999868686,7505.57690000096,31524.30890052356
1790792010,5,,Aggregated,1.900000,0.000000,580,860,1100,1200,1600,2200,5800,7200,7500,7500,7500,194,0,580,855.681130927739,52.54189999868686,7505.57690000096,31575.96907216495
1790792011,5,,Aggregated,1.900000,0.000000,580,860,1100,1200,1600,2200,5800,7200,7500,7500,7500,194,0,580,855.681130927739,52.54189999868686,7505.57690000096,31575.96907216495
1790792013,5,,Aggregated,1.900000,0.000000,580,860,1100,1200,1600,2200,5800,7200,7500,7500,7500,194,0,580,855.681130927739,52.54189999868686,7505.57690000096,31575.96907216495
1790792014,5,,Aggregated,1.900000,0.000000,580,860,1100,1200,1600,2200,5800,7200,7500,7500,7500,195,0,580,856.0396405127202,52.54189999868686,7505.57690000096,31565.866666666665
1790792015,5,,Aggregated,1.800000,0.000000,580,880,1100,1200,1800,2200,5800,7200,7500,7500,7500,198,0,580,866.4873030301983,52.54189999868686,7505.57690000096,31536.171717171717
1790792016,5,,Aggregated,1.800000,0.000000,600,900,1100,1300,1800,2200,2700,6900,7500,7500,7500,204,0,600,876.7662352940141,52.54189999868686,7505.57690000096,31608.299019607843
1790792017,5,,Aggregated,1.800000,0.000000,600,900,1100,1300,1800,2200,2700,6900,7500,7500,7500,204,0,600,876.7662352940141,52.54189999868686,7505.57690000096,31608.299019607843
1790792018,5,,Aggregated,1.800000,0.000000,600,900,1100,1300,1800,2200,2700,6900,7500,7500,7500,204,0,600,876.7662352940141,52.54189999868686,7505.57690000096,31608.299019607843
1790792020,5,,Aggregated,1.800000,0.000000,600,900,1100,1300,1800,2200,2700,6900,7500,7500,7500,204,0,600,876.7662352940141,52.54189999868686,7505.57690000096,31608.299019607843
1790792021,5,,Aggregated,1.600000,0.000000,610,900,1100,1300,1800,2200,2700,6900,7500,7500,7500,212,0,610,882.6343896225463,52.54189999868686,7505.57690000096,31603.778301886792
1790792022,5,,Aggregated,1.600000,0.000000,610,900,1100,1300,1800,2200,2700,6900,7500,7500,7500,214,0,610,879.7726107475714,52.54189999868686,7505.57690000096,31604.42523364486
1790792023,5,,Aggregated,1.600000,0.000000,610,900,1100,1300,1800,2200,2700,6900,7500,7500,7500,214,0,610,879.7726107475714,52.54189999868686,7505.57690000096,31604.42523364486
1790792024,5,,Aggregated,2.000000,0.000000,610,880,1100,1300,1800,2200,2700,6900,7500,7500,7500,216,0,610,879.6443185184315,52.54189999868686,7505.57690000096,31585.921296296296
1790792025,5,,Aggregated,2.000000,0.000000,620,880,1100,1300,1800,2200,2700,6900,7500,7500,7500,218,0,620,878.4243866971627,52.54189999868686,7505.57690000096,31567.756880733945
1790792026,5,,Aggregated,2.000000,0.000000,620,900,1100,1300,1800,2000,2700,6900,7500,7500,7500,221,0,620,887.5815651582873,52.54189999868686,7505.57690000096,31588.719457013576
1790792027,5,,Aggregated,2.000000,0.000000,630,920,1100,1300,1800,2200,2700,6900,7500,7500,7500,224,0,630,900.6218401784897,52.54189999868686,7505.57690000096,31632.598214285714
1790792028,5,,Aggregated,2.000000,0.000000,630,920,1100,1300,1800,2200,2700,6900,7500,7500,7500,224,0,630,900.6218401784897,52.54189999868686,7505.57690000096,31632.598214285714
1790792029,5,,Aggregated,1.800000,0.000000,620,920,1100,1300,1800,2200,2700,6900,7500,7500,7500,228,0,620,886.8065828946624,52.54189999868686,7505.57690000096,31643.175438596492
1790792031,3,,Aggregated,2.000000,0.000000,610,900,1100,1300,1800,2200,2700,6900,7500,7500,7500,232,0,610,876.847981465446,52.54189999868686,7505.57690000096,31652.14224137931
1790792032,2,,Aggregated,2.200000,0.000000,600,880,1100,1300,1800,2200,2700,6900,7500,7500,7500,235,0,600,870.1409787233367,52.54189999868686,7505.57690000096,31647.178723404257
1790792033,2,,Aggregated,2.200000,0.000000,600,880,1100,1300,1800,2200,2700,6900,7500,7500,7500,235,0,600,870.1409787233367,52.54189999868686,7505.57690000096,31647.178723404257
1790792034,2,,Aggregated,2.100000,0.000000,600,880,1100,1300,1800,2200,2700,6900,7500,7500,7500,236,0,600,867.7799699151873,52.54189999868686,7505.57690000096,31638.52966101695
1790792035,2,,Aggregated,2.100000,0.000000,600,880,1100,1300,1800,2200,2700,6900,7500,7500,7500,237,0,600,866.7318708860104,52.54189999868686,7505.57690000096,31640.447257383967
1790792036,2,,Aggregated,2.100000,0.000000,600,880,1100,1300,1800,2200,2700,6900,7500,7500,7500,239,0,600,862.6105426777499,52.54189999868686,7505.57690000096,31633.828451882844
1790792037,2,,Aggregated,2.100000,0.000000,600,880,1100,1300,1800,2200,2700,6900,7500,7500,7500,239,0,600,862.6105426777499,52.54189999868686,7505.57690000096,31633.828451882844
1790792038,2,,Aggregated,1.800000,0.000000,600,880,1100,1300,1800,2200,2700,6900,7500,7500,7500,240,0,600,859.6252512499253,52.54189999868686,7505.57690000096,31625.379166666666
1790792039,2,,Aggregated,1.800000,0.000000,590,880,1100,1300,1800,2000,2700,6900,7500,7500,7500,241,0,590,857.7557456430735,52.54189999868686,7505.57690000096,31627.31950207469
1790792040,2,,Aggregated,1.800000,0.000000,590,880,1100,1300,1800,2000,2700,6900,7500,7500,7500,241,0,590,857.7557456430735,52.54189999868686,7505.57690000096,31627.31950207469
1790792041,2,,Aggregated,1.800000,0.000000,590,880,1100,1300,1800,2000,2700,6900,7500,7500,7500,241,0,590,857.7557456430735,52.54189999868686,7505.57690000096,31627.31950207469
1790792042,2,,Aggregated,1.200000,0.000000,590,870,1100,1300,1800,2000,2700,6900,7500,7500,7500,244,0,590,849.0289258195875,52.54189999868686,7505.57690000096,31612.659836065573
1790792043,2,,Aggregated,1.200000,0.000000,580,860,1100,1300,1800,2000,2700,6900,7500,7500,7500,245,0,580,847.0280195917514,52.54189999868686,7505.57690000096,31614.620408163264
1790792044,2,,Aggregated,1.200000,0.000000,580,860,1100,1300,1800,2000,2700,6900,7500,7500,7500,245,0,580,847.0280195917514,52.54189999868686,7505.57690000096,31614.620408163264
1790792045,2,,Aggregated,1.200000,0.000000,580,860,1100,1300,1800,2000,2700,6900,7500,7500,7500,245,0,580,847.0280195917514,52.54189999868686,7505.57690000096,31614.620408163264
1790792046,2,,Aggregated,1.200000,0.000000,580,860,1100,1300,1800,2000,2700,6900,7500,7500,7500,245,0,580,847.0280195917514,52.54189999868686,7505.57690000096,31614.620408163264
1790792047,2,,Aggregated,0.800000,0.000000,590,860,1100,1300,1800,2000,2700,6900,7500,7500,7500,246,0,590,846.2687195121134,52.54189999868686,7505.57690000096,31606.455284552845
1790792048,2,,Aggregated,0.800000,0.000000,590,870,1100,1300,1800,2000,2700,6900,7500,7500,7500,247,0,590,848.7090165991075,52.54189999868686,7505.57690000096,31608.425101214576
1790792049,2,,Aggregated,0.600000,0.000000,590,860,1100,1300,1800,2000,2700,6900,7500,7500,7500,248,0,590,847.1210145160501,52.54189999868686,7505.57690000096,31600.350806451614
1790792050,2,,Aggregated,0.600000,0.000000,590,860,1100,1300,1800,2000,2700,6900,7500,7500,7500,248,0,590,847.1210145160501,52.54189999868686,7505.57690000096,31600.350806451614
1790792051,2,,Aggregated,0.600000,0.000000,590,870,1100,1300,1800,2000,2700,6900,7500,7500,7500,249,0,590,850.1378654617655,52.54189999868686,7505.57690000096,31602.329317269076
1790792052,2,,Aggregated,0.700000,0.000000,580,860,1100,1300,1800,2000,2600,6900,7500,7500,7500,251,0,580,844.9475063744287,52.54189999868686,7505.57690000096,31596.330677290836
1790792054,2,,Aggregated,0.700000,0.000000,580,860,1100,1300,1800,2000,2600,6900,7500,7500,7500,251,0,580,844.9475063744287,52.54189999868686,7505.57690000096,31596.330677290836
1790792055,2,,Aggregated,0.800000,0.000000,590,860,1100,1300,1800,2000,2600,6900,7500,7500,7500,252,0,590,844.0400317459638,52.54189999868686,7505.57690000096,31588.43253968254
1790792056,2,,Aggregated,0.600000,0.000000,580,860,1100,1300,1800,2000,2600,6900,7500,7500,7500,253,0,580,842.8436418971653,52.54189999868686,7505.57690000096,31580.596837944664
1790792057,2,,Aggregated,0.600000,0.000000,590,870,1100,1300,1800,2000,2600,6900,7500,7500,7500,255,0,590,848.2940152940467,52.54189999868686,7505.57690000096,31584.61568627451
1790792058,2,,Aggregated,0.600000,0.000000,590,870,1100,1300,1800,2000,2600,6900,7500,7500,7500,255,0,590,848.2940152940467,52.54189999868686,7505.57690000096,31584.61568627451
1790792059,2,,Aggregated,0.600000,0.000000,590,870,1100,1300,1800,2000,2600,6900,7500,7500,7500,255,0,590,848.2940152940467,52.54189999868686,7505.57690000096,31584.61568627451
1790792060,2,,Aggregated,0.900000,0.000000,590,870,1100,1300,1800,2000,2600,6900,7500,7500,7500,256,0,590,849.0141773436835,52.54189999868686,7505.57690000096,31576.88671875
1790792061,2,,Aggregated,0.800000,0.000000,590,880,1100,1300,1800,2000,2600,6900,7500,7500,7500,259,0,590,848.4428849420289,52.54189999868686,7505.57690000096,31573.262548262548
1790792062,2,,Aggregated,0.800000,0.000000,590,880,1100,1300,1800,2000,2600,6900,7500,7500,7500,259,0,590,848.4428849420289,52.54189999868686,7505.57690000096,31573.262548262548
1790792063,2,,Aggregated,0.800000,0.000000,590,880,1100,1300,1800,2000,2600,6900,7500,7500,7500,259,0,590,848.4428849420289,52.54189999868686,7505.57690000096,31573.262548262548
1790792064,2,,Aggregated,0.800000,0.000000,590,880,1100,1300,1800,2000,2600,6900,7500,7500,7500,259,0,590,848.4428849420289,52.54189999868686,7505.57690000096,31573.262548262548
1790792065,2,,Aggregated,0.800000,0.000000,600,880,1100,1300,1800,2000,2600,6900,7500,7500,7500,260,0,600,847.6664396153309,52.54189999868686,7505.57690000096,31565.696153846155
1790792066,2,,Aggregated,0.800000,0.000000,600,880,1100,1300,1800,2000,2600,6900,7500,7500,7500,263,0,600,847.6412893535581,52.54189999868686,7505.57690000096,31562.25475285171
1790792068,2,,Aggregated,0.800000,0.000000,600,880,1100,1300,1800,2000,2600,6900,7500,7500,7500,263,0,600,847.6412893535581,52.54189999868686,7505.57690000096,31562.25475285171
1790792069,2,,Aggregated,0.800000,0.000000,600,880,1100,1300,1800,2000,2600,6900,7500,7500,7500,263,0,600,847.6412893535581,52.54189999868686,7505.57690000096,31562.25475285171
1790792070,2,,Aggregated,0.800000,0.000000,600,880,1100,1300,1800,2000,2600,6900,7500,7500,7500,264,0,600,847.8034287878256,52.54189999868686,7505.57690000096,31554.844696969696
1790792071,2,,Aggregated,0.800000,0.000000,600,880,1100,1300,1800,2000,2600,6900,7500,7500,7500,266,0,600,849.350772932284,52.54189999868686,7505.57690000096,31549.541353383458
1790792072,2,,Aggregated,0.800000,0.000000,600,880,1100,1300,1800,2000,2600,6900,7500,7500,7500,267,0,600,847.2918370786019,52.54189999868686,7505.57690000096,31551.576779026218
1790792073,2,,Aggregated,0.800000,0.000000,600,880,1100,1300,1800,2000,2600,6900,7500,7500,7500,267,0,600,847.2918370786019,52.54189999868686,7505.57690000096,31551.576779026218
1790792074,2,,Aggregated,0.800000,0.000000,590,880,1100,1300,1800,2000,2600,6900,7500,7500,7500,269,0,590,841.9039732341504,52.54189999868686,7505.57690000096,31546.35687732342
1790792075,2,,Aggregated,0.800000,0.000000,590,870,1100,1200,1700,2000,2600,6900,7500,7500,7500,271,0,590,837.0946981549328,52.54189999868686,7505.57690000096,31541.214022140222
1790792076,2,,Aggregated,0.800000,0.000000,590,870,1100,1200,1700,2000,2600,6900,7500,7500,7500,271,0,590,837.0946981549328,52.54189999868686,7505.57690000096,31541.214022140222
1790792077,2,,Aggregated,0.800000,0.000000,590,870,1100,1200,1700,2000,2600,6900,7500,7500,7500,271,0,590,837.0946981549328,52.54189999868686,7505.57690000096,31541.214022140222
1790792078,2,,Aggregated,1.100000,0.000000,580,870,1100,1200,1700,2000,2600,6900,7500,7500,7500,274,0,580,829.5885156933828,52.54189999868686,7505.57690000096,31529.10218978102
1790792079,2,,Aggregated,1.100000,0.000000,580,870,1100,1200,1700,2000,2600,6900,7500,7500,7500,275,0,580,828.5865763635895,52.54189999868686,7505.57690000096,31531.15272727273
1790792080,2,,Aggregated,1.100000,0.000000,580,870,1100,1200,1700,2000,2600,6900,7500,7500,7500,275,0,580,828.5865763635895,52.54189999868686,7505.57690000096,31531.15272727273
1790792081,2,,Aggregated,1.000000,0.000000,580,860,1100,1200,1700,2000,2600,6900,7500,7500,7500,277,0,580,825.5846844764917,52.54189999868686,7505.57690000096,31526.231046931407
1790792082,2,,Aggregated,1.100000,0.000000,580,860,1100,1200,1700,2000,2600,6900,7500,7500,7500,279,0,580,820.431466666629,52.54189999868686,7505.57690000096,31521.37992831541
1790792083,2,,Aggregated,1.100000,0.000000,580,860,1100,1200,1700,2000,2600,6900,7500,7500,7500,279,0,580,820.431466666629,52.54189999868686,7505.57690000096,31521.37992831541
1790792084,2,,Aggregated,1.100000,0.000000,580,860,1100,1200,1700,2000,2600,6900,7500,7500,7500,279,0,580,820.431466666629,52.54189999868686,7505.57690000096,31521.37992831541
1790792085,2,,Aggregated,1.000000,0.000000,580,860,1100,1200,1600,2000,2600,6900,7500,7500,7500,281,0,580,815.4049156583242,52.54189999868686,7505.57690000096,31516.597864768682
1790792086,2,,Aggregated,1.100000,0.000000,570,830,1100,1200,1600,2000,2600,6900,7500,7500,7500,283,0,570,811.6478265017342,52.54189999868686,7505.57690000096,31511.883392226147
1790792087,2,,Aggregated,1.000000,0.000000,560,830,1000,1200,1600,2000,2600,6900,7500,7500,7500,285,0,560,806.8292077192609,52.54189999868686,7505.57690000096,31507.2350877193
1790792088,2,,Aggregated,1.000000,0.000000,560,830,1000,1200,1600,2000,2600,6900,7500,7500,7500,285,0,560,806.8292077192609,52.54189999868686,7505.57690000096,31507.2350877193
1790792089,2,,Aggregated,1.200000,0.000000,560,830,1000,1200,1600,2000,2600,6900,7500,7500,7500,286,0,560,804.3412104894694,52.54189999868686,7505.57690000096,31500.587412587414
