Type,Name,Request Count,Failure Count,Median Response Time,Average Response Time,Min Response Time,Max Response Time,Average Content Size,Requests/s,Failures/s,50%,66%,75%,80%,90%,95%,98%,99%,99.9%,99.99%,100%
GET,GET / [acceso invitado],17,0,57,114.5313235293837,19.752799999878334,502.8526999999485,1755.0,0.07059303412593063,0.0,57,95,110,160,420,500,500,500,500,500,500
GET,GET /carrito,48,0,69,159.31612499999895,27.455800000097952,2172.997099999975,5962.645833333333,0.19932150812027472,0.0,69,110,130,140,230,290,2200,2200,2200,2200,2200
GET,GET /favoritos,112,0,71,291.69857678570963,26.705799999945157,3384.0566999999737,6331.0,0.4650835189473077,0.0,71,130,160,200,660,1700,2500,2800,3400,3400,3400
GET,GET /gestion/tiendas/:id/pedidos,77,0,64,305.75434155847,30.830199999854813,2916.2183999999343,20735.0,0.319744919276274,0.0,64,100,150,200,1400,1700,2700,2900,2900,2900,2900
GET,GET /gestion/tiendas/:id/pedidos [filtro],16,0,70,380.6623250000172,29.598000000078173,2571.4318999998795,6832.0,0.06644050270675825,0.0,70,77,200,200,2300,2600,2600,2600,2600,2600,2600
GET,GET /inicio [catálogo],498,0,270,654.4611728915673,85.98970000002737,6310.977699999967,72228.35341365462,2.06796064674785,0.0,270,390,550,780,2100,3000,3800,4300,6300,6300,6300
GET,GET /inicio [filtros],221,0,150,436.91058325791283,34.95040000007066,4622.711900000013,34695.2850678733,0.9177094436370982,0.0,150,220,280,340,1100,2700,3700,4200,4600,4600,4600
GET,GET /inicio [mapa],116,0,340,816.3367853448369,86.09520000004522,4305.672699999832,71313.0,0.4816936446239973,0.0,340,520,820,1300,2900,3400,4100,4300,4300,4300,4300
GET,GET /inicio [tiendas],91,0,310,847.9151296703294,111.9340000000193,4278.784500000029,71322.0,0.3778803591446875,0.0,310,490,930,1600,2600,3600,4000,4300,4300,4300,4300
GET,GET /login,8,0,64,204.12457499998027,20.7325999999739,711.1192999998366,2384.0,0.033220251353379124,0.0,64,220,490,490,710,710,710,710,710,710,710
GET,GET /mi-tienda,107,0,61,352.53479345795387,25.84530000012819,4529.871899999989,2915.0,0.44432086185144576,0.0,61,110,190,270,1000,2100,2500,2600,4500,4500,4500
GET,GET /mi-tienda [preparación],3,0,150,239.5706333332631,80.68249999996624,486.2677999999505,2915.0,0.01245759425751717,0.0,150,150,490,490,490,490,490,490,490,490,490
GET,GET /pedidos/historial,104,0,56,275.5506096153947,20.485499999949752,3595.279699999992,5774.0,0.43186326759392857,0.0,56,83,120,180,840,1600,2600,2600,3600,3600,3600
GET,GET /productos/:id,185,1,85,334.839502702708,24.819700000080047,3216.8512000000646,5098.745945945946,0.7682183125468922,0.0041525314191723905,85,160,280,350,1100,1600,2500,2600,3200,3200,3200
GET,GET /usuarios/cuenta,47,0,52,256.9835702127546,19.34280000000399,2407.459000000017,5718.0,0.19516897670110234,0.0,52,99,180,280,1000,1200,2400,2400,2400,2400,2400
POST,POST /api/login,8,0,750,862.5134500000229,494.2671999999675,1701.7333999999664,172.625,0.033220251353379124,0.0,750,770,1400,1400,1700,1700,1700,1700,1700,1700,1700
POST,POST /invitado,17,0,390,523.5033941176639,192.33999999983098,1626.1116000000584,71313.0,0.07059303412593063,0.0,390,500,720,780,1200,1600,1600,1600,1600,1600,1600
PUT,PUT /api/carrito/productos/:id,48,0,93,194.86200208334026,31.642500000089058,3227.6716000001215,1482.2708333333333,0.19932150812027472,0.0,93,140,150,160,450,530,3200,3200,3200,3200,3200
,Aggregated,1723,1,170,484.12022489843554,19.34280000000399,6310.977699999967,37474.2263493906,7.154811635234028,0.0041525314191723905,170,270,400,530,1500,2600,3500,4000,4600,6300,6300
